Building_ID,Setting,Standard-F1,PA-F1,Event-based-F1,R-based-F1,Affiliation-F,VUS-Recall,VUS-Precision,VUS-F,Accuracy,Precision,Recall,F-score,AUC-ROC,PR-AUC
1,anomaly_detection_LEAD_Informer_LEAD_ftS_sl168_ll48_pl0_dm64_nh8_el2_dl1_df64_expand2_dc4_fc1_ebtimeF_dtTrue_test_0,0.12408759124087591,0.12408759124087591,0.11990595611285242,0.17911366434140338,0.7160970620645238,0.9849444283726111,0.5292634054115,0.6690737096366655,0.913074972835929,0.07024793388429752,0.53125,0.12408759124087591,0.6722700622938805,0.02379586437935033
41,anomaly_detection_LEAD_Informer_LEAD_ftS_sl168_ll48_pl0_dm64_nh8_el2_dl1_df64_expand2_dc4_fc1_ebtimeF_dtTrue_test_0,0.14018691588785046,0.14018691588785046,0.10050251256281359,0.04395604395604396,0.4096094828884677,0.6017772441535423,0.19862740972533233,0.2964788482118879,0.9333574791742122,0.08771929824561403,0.3488372093023256,0.14018691588785046,0.38396906069784553,0.01249315605906913
79,anomaly_detection_LEAD_Informer_LEAD_ftS_sl168_ll48_pl0_dm64_nh8_el2_dl1_df64_expand2_dc4_fc1_ebtimeF_dtTrue_test_0,0.5135135135135135,0.5135135135135135,0.6666666666666662,0.6666666666666666,0.6666666666666662,0.3454545454545444,1.0,0.5135135135135147,0.9869612459253894,1.0,0.34545454545454546,0.5135135135135135,0.4467849223946785,0.09064189152235005
82,anomaly_detection_LEAD_Informer_LEAD_ftS_sl168_ll48_pl0_dm64_nh8_el2_dl1_df64_expand2_dc4_fc1_ebtimeF_dtTrue_test_0,0.5135135135135135,0.5135135135135135,0.6666666666666662,0.6666666666666666,0.6666666666666662,0.3454545454545444,1.0,0.5135135135135147,0.9869612459253894,1.0,0.34545454545454546,0.5135135135135135,0.4467849223946785,0.09064189152235005
107,anomaly_detection_LEAD_Informer_LEAD_ftS_sl168_ll48_pl0_dm64_nh8_el2_dl1_df64_expand2_dc4_fc1_ebtimeF_dtTrue_test_0,0.968299711815562,0.968299711815562,0.8399999999999994,0.8376408217362492,0.8415176624509372,0.9467385826294281,0.9999197194349353,0.9726026949791969,0.9960159362549801,0.9940828402366864,0.9438202247191011,0.968299711815562,0.9554846511546976,0.8247829382737386
111,anomaly_detection_LEAD_Informer_LEAD_ftS_sl168_ll48_pl0_dm64_nh8_el2_dl1_df64_expand2_dc4_fc1_ebtimeF_dtTrue_test_0,0.7636363636363637,0.7636363636363637,0.5968735196589289,0.3963847643641059,0.6165342941582578,0.6917219768899755,0.8897586424772906,0.7783381137862896,0.971749366171677,0.8689655172413793,0.6810810810810811,0.7636363636363637,0.7223266745005876,0.3496841445011649
112,anomaly_detection_LEAD_Informer_LEAD_ftS_sl168_ll48_pl0_dm64_nh8_el2_dl1_df64_expand2_dc4_fc1_ebtimeF_dtTrue_test_0,0.17067833698030635,0.17067833698030635,0.1599999999999997,0.08372721134368669,0.5209138248521087,0.9011343032023084,0.22196096528829237,0.3548349592009457,0.8627308946034046,0.1,0.582089552238806,0.17067833698030635,0.2690279116666112,0.015260804538559618
117,anomaly_detection_LEAD_Informer_LEAD_ftS_sl168_ll48_pl0_dm64_nh8_el2_dl1_df64_expand2_dc4_fc1_ebtimeF_dtTrue_test_0,0.8878923766816144,0.8878923766816144,0.8123076923076918,0.6625980819529207,0.8521044893427245,0.9661155162000955,0.833220271537533,0.8947601460413334,0.9909453096704093,0.825,0.9611650485436893,0.8878923766816144,0.8889156749727878,0.469883950181492
118,anomaly_detection_LEAD_Informer_LEAD_ftS_sl168_ll48_pl0_dm64_nh8_el2_dl1_df64_expand2_dc4_fc1_ebtimeF_dtTrue_test_0,0.986784140969163,0.986784140969163,0.9090909090909085,0.9090909090909091,0.9090909090909085,0.9739130434782621,1.0,0.9867841409691601,0.9989134371604491,1.0,0.9739130434782609,0.986784140969163,0.9542804561438101,0.8954598550332704
119,anomaly_detection_LEAD_Informer_LEAD_ftS_sl168_ll48_pl0_dm64_nh8_el2_dl1_df64_expand2_dc4_fc1_ebtimeF_dtTrue_test_0,0.0759493670886076,0.0759493670886076,0.0765957446808509,0.12244897959183673,0.4612878489028577,0.8487570493602883,0.16291554983569423,0.27263573663275853,0.9206809127127852,0.04265402843601896,0.34615384615384615,0.0759493670886076,0.4756574321473773,0.009624000365669452
136,anomaly_detection_LEAD_Informer_LEAD_ftS_sl168_ll48_pl0_dm64_nh8_el2_dl1_df64_expand2_dc4_fc1_ebtimeF_dtTrue_test_0,0.045454545454545456,0.045454545454545456,0.04499999999999993,0.047244094488188976,0.9108406539688925,0.9762498854221322,0.03982917515368069,0.07642056887216468,0.8630930822165882,0.023376623376623377,0.8181818181818182,0.045454545454545456,0.4212892561983471,0.003568515543623707
139,anomaly_detection_LEAD_Informer_LEAD_ftS_sl168_ll48_pl0_dm64_nh8_el2_dl1_df64_expand2_dc4_fc1_ebtimeF_dtTrue_test_0,0.467005076142132,0.467005076142132,0.494623655913978,0.49462365591397844,0.49961935565152515,0.31984711741100447,0.9994346910210026,0.4846065065107465,0.961970300615719,0.9583333333333334,0.3087248322147651,0.467005076142132,0.6173571641468905,0.2320294230090437
141,anomaly_detection_LEAD_Informer_LEAD_ftS_sl168_ll48_pl0_dm64_nh8_el2_dl1_df64_expand2_dc4_fc1_ebtimeF_dtTrue_test_0,0.7222222222222222,0.7222222222222222,0.7499999999999994,0.7500000000000001,0.7499999999999994,0.5652173913043478,1.0,0.7222222222222249,0.9565374864179645,1.0,0.5652173913043478,0.7222222222222222,0.7479587670953256,0.4886911059034944
144,anomaly_detection_LEAD_Informer_LEAD_ftS_sl168_ll48_pl0_dm64_nh8_el2_dl1_df64_expand2_dc4_fc1_ebtimeF_dtTrue_test_0,0.4528301886792453,0.4528301886792453,0.4958677685950409,0.18541652406051065,0.7698363990515158,0.8134910197416552,0.5335178342432636,0.6434110566719319,0.9264759145237232,0.35294117647058826,0.631578947368421,0.4528301886792453,0.7194441583410581,0.1331110134312356
147,anomaly_detection_LEAD_Informer_LEAD_ftS_sl168_ll48_pl0_dm64_nh8_el2_dl1_df64_expand2_dc4_fc1_ebtimeF_dtTrue_test_0,0.9603174603174603,0.9603174603174603,0.7667934093789601,0.7667525773195877,0.7690758198372406,0.9348103384212088,0.9998887916762628,0.9662549836528465,0.9963781238681637,0.9918032786885246,0.9307692307692308,0.9603174603174603,0.9009794462474051,0.7879808328470291
149,anomaly_detection_LEAD_Informer_LEAD_ftS_sl168_ll48_pl0_dm64_nh8_el2_dl1_df64_expand2_dc4_fc1_ebtimeF_dtTrue_test_0,0.031088082901554404,0.031088082901554404,0.03108808290155437,0.03278688524590164,0.639699566502935,1.0,0.01595808824548031,0.031412916923500234,0.9322709163346613,0.015789473684210527,1.0,0.031088082901554404,0.3541213439690597,0.0014411453798300181
159,anomaly_detection_LEAD_Informer_LEAD_ftS_sl168_ll48_pl0_dm64_nh8_el2_dl1_df64_expand2_dc4_fc1_ebtimeF_dtTrue_test_0,0.8878504672897196,0.8878504672897196,0.8030996829869668,0.771793878341728,0.8191781438432791,0.8784670483907172,0.9907152655452083,0.9312102150646533,0.9913074972835929,0.9313725490196079,0.8482142857142857,0.8878504672897196,0.7288262417084616,0.34573258005616303
171,anomaly_detection_LEAD_Informer_LEAD_ftS_sl168_ll48_pl0_dm64_nh8_el2_dl1_df64_expand2_dc4_fc1_ebtimeF_dtTrue_test_0,0.26506024096385544,0.26506024096385544,0.21568627450980352,0.11764705882352941,0.4049893443363853,0.22726207289680825,0.5386576158875144,0.319655550276794,0.9779065555957986,0.44,0.1896551724137931,0.26506024096385544,0.4652238253792083,0.025148720228737882
173,anomaly_detection_LEAD_Informer_LEAD_ftS_sl168_ll48_pl0_dm64_nh8_el2_dl1_df64_expand2_dc4_fc1_ebtimeF_dtTrue_test_0,0.049586776859504134,0.049586776859504134,0.04979253112033188,0.08333333333333334,0.8839051206494456,0.8541905477749602,0.07492546596433534,0.1359545102748387,0.9166968489677653,0.02586206896551724,0.6,0.049586776859504134,0.4470374409305707,0.004022498594239446
174,anomaly_detection_LEAD_Informer_LEAD_ftS_sl168_ll48_pl0_dm64_nh8_el2_dl1_df64_expand2_dc4_fc1_ebtimeF_dtTrue_test_0,0.10810810810810811,0.10810810810810811,0.10909090909090893,0.11428571428571428,0.656312584794532,0.5999999999999985,0.059405940594059445,0.1081081081081084,0.9641434262948207,0.0594059405940594,0.6,0.10810810810810811,0.6965103598691385,0.008708931413658205
190,anomaly_detection_LEAD_Informer_LEAD_ftS_sl168_ll48_pl0_dm64_nh8_el2_dl1_df64_expand2_dc4_fc1_ebtimeF_dtTrue_test_0,0.6190476190476191,0.6190476190476191,0.5672727272727266,0.1454604620891637,0.7143649854870212,0.9941128823145393,0.529574825196363,0.6898352023135786,0.9536399855124955,0.45614035087719296,0.9629629629629629,0.6190476190476191,0.8208841144197345,0.12918452740269107
238,anomaly_detection_LEAD_Informer_LEAD_ftS_sl168_ll48_pl0_dm64_nh8_el2_dl1_df64_expand2_dc4_fc1_ebtimeF_dtTrue_test_0,0.1641025641025641,0.1641025641025641,0.21192052980132425,0.13828425096030728,0.7722822890691655,0.38079763026288344,0.22520413498514247,0.28287365770875306,0.9409634190510685,0.12598425196850394,0.23529411764705882,0.1641025641025641,0.3431117712588192,0.0410565897353983
246,anomaly_detection_LEAD_Informer_LEAD_ftS_sl168_ll48_pl0_dm64_nh8_el2_dl1_df64_expand2_dc4_fc1_ebtimeF_dtTrue_test_0,0.5,0.5,0.5714285714285711,0.5714285714285715,0.5714285714285711,0.33333333333333404,1.0,0.5,0.9956537486417965,1.0,0.3333333333333333,0.5,0.5142990237776968,0.11734289610308957
247,anomaly_detection_LEAD_Informer_LEAD_ftS_sl168_ll48_pl0_dm64_nh8_el2_dl1_df64_expand2_dc4_fc1_ebtimeF_dtTrue_test_0,0.6403162055335968,0.6403162055335968,0.3932038834951451,0.055184578556129515,0.7524414020507828,0.9972037527586737,0.6013256812628915,0.7476577201231474,0.9011227816008692,0.47928994082840237,0.9642857142857143,0.6403162055335968,0.14436125187420523,0.054517872197201556
248,anomaly_detection_LEAD_Informer_LEAD_ftS_sl168_ll48_pl0_dm64_nh8_el2_dl1_df64_expand2_dc4_fc1_ebtimeF_dtTrue_test_0,0.6682464454976303,0.6682464454976303,0.7203065134099611,0.14285714285714285,0.7035472717087123,0.5826446280991744,0.7833333333333321,0.6682464454976299,0.949293734154292,0.7833333333333333,0.5826446280991735,0.6682464454976303,0.26324889517354055,0.0607579871069753
254,anomaly_detection_LEAD_Informer_LEAD_ftS_sl168_ll48_pl0_dm64_nh8_el2_dl1_df64_expand2_dc4_fc1_ebtimeF_dtTrue_test_0,0.9295774647887324,0.9295774647887324,0.6666666666666662,0.6666666666666666,0.6666666666666662,0.8684210526315793,1.0,0.9295774647887347,0.9945671858022456,1.0,0.868421052631579,0.9295774647887324,0.884897832037593,0.6963455846998311
263,anomaly_detection_LEAD_Informer_LEAD_ftS_sl168_ll48_pl0_dm64_nh8_el2_dl1_df64_expand2_dc4_fc1_ebtimeF_dtTrue_test_0,0.9743589743589743,0.9743589743589743,0.8571428571428567,0.8571428571428573,0.8571428571428567,0.9499999999999992,1.0,0.9743589743589758,0.9989134371604491,1.0,0.95,0.9743589743589743,0.9066641984450203,0.22081585652014302
270,anomaly_detection_LEAD_Informer_LEAD_ftS_sl168_ll48_pl0_dm64_nh8_el2_dl1_df64_expand2_dc4_fc1_ebtimeF_dtTrue_test_0,0.20107238605898123,0.20107238605898123,0.20004706989879947,0.14108278472986327,0.7880701705092894,0.9991819962327341,0.3308930206343865,0.4845397929456347,0.784136182542557,0.11261261261261261,0.9375,0.20107238605898123,0.6552079447967176,0.08627044918810277
275,anomaly_detection_LEAD_Informer_LEAD_ftS_sl168_ll48_pl0_dm64_nh8_el2_dl1_df64_expand2_dc4_fc1_ebtimeF_dtTrue_test_0,0.6428571428571429,0.6428571428571429,0.6428571428571423,0.6000000000000002,0.7975996990218204,0.5399918636474887,0.9986432584504062,0.700956575410538,0.9963781238681637,0.9,0.5,0.6428571428571429,0.4503989954226922,0.11522732129266136
278,anomaly_detection_LEAD_Informer_LEAD_ftS_sl168_ll48_pl0_dm64_nh8_el2_dl1_df64_expand2_dc4_fc1_ebtimeF_dtTrue_test_0,0.5217391304347826,0.5217391304347826,0.705882352941176,0.6666666666666666,0.8282019759920183,0.4444444444444433,0.6315789473684216,0.5217391304347816,0.9920318725099602,0.631578947368421,0.4444444444444444,0.5217391304347826,0.6664634641957246,0.05120339226701576
290,anomaly_detection_LEAD_Informer_LEAD_ftS_sl168_ll48_pl0_dm64_nh8_el2_dl1_df64_expand2_dc4_fc1_ebtimeF_dtTrue_test_0,0.8595988538681948,0.8595988538681948,0.705882352941176,0.30303030303030304,0.7188298917541356,0.9654714288282874,0.8989915420677599,0.9309195335541307,0.9822528069540022,0.8108108108108109,0.9146341463414634,0.8595988538681948,0.6788719629591368,0.19671379215966148
293,anomaly_detection_LEAD_Informer_LEAD_ftS_sl168_ll48_pl0_dm64_nh8_el2_dl1_df64_expand2_dc4_fc1_ebtimeF_dtTrue_test_0,0.0003621876131836291,0.0,0.0,0.0,nan,0.5
312,anomaly_detection_LEAD_Informer_LEAD_ftS_sl168_ll48_pl0_dm64_nh8_el2_dl1_df64_expand2_dc4_fc1_ebtimeF_dtTrue_test_0,0.6206896551724138,0.6206896551724138,0.48953974895397445,0.2932699310285739,0.7795173739512757,0.8983922918318458,0.871971210605346,0.8844317021465246,0.9561752988047809,0.5625,0.6923076923076923,0.6206896551724138,0.8660296922329007,0.4170718960684187
318,anomaly_detection_LEAD_Informer_LEAD_ftS_sl168_ll48_pl0_dm64_nh8_el2_dl1_df64_expand2_dc4_fc1_ebtimeF_dtTrue_test_0,0.43661971830985913,0.43661971830985913,0.39871382636655905,0.23529411764705882,0.5526970658877074,0.33247087568787814,0.6745193386354271,0.44540205311187314,0.9710249909453097,0.6595744680851063,0.3263157894736842,0.43661971830985913,0.4362498519366684,0.03125217410181014
335,anomaly_detection_LEAD_Informer_LEAD_ftS_sl168_ll48_pl0_dm64_nh8_el2_dl1_df64_expand2_dc4_fc1_ebtimeF_dtTrue_test_0,0.35694050991501414,0.35694050991501414,0.31188118811881144,0.07988871224165342,0.7328879622645227,0.9100997463324892,0.43344208005061746,0.5859391851287101,0.9177834118073162,0.245136186770428,0.65625,0.35694050991501414,0.5163109756097561,0.03623259501009387
345,anomaly_detection_LEAD_Informer_LEAD_ftS_sl168_ll48_pl0_dm64_nh8_el2_dl1_df64_expand2_dc4_fc1_ebtimeF_dtTrue_test_0,0.4048706240487062,0.4048706240487062,0.4048706240487059,0.013992494092572857,0.8323039356750729,1.0,0.3218956408137438,0.4856719084683106,0.858384643245201,0.2538167938931298,1.0,0.4048706240487062,0.5969776038269189,0.05462956501796094
423,anomaly_detection_LEAD_Informer_LEAD_ftS_sl168_ll48_pl0_dm64_nh8_el2_dl1_df64_expand2_dc4_fc1_ebtimeF_dtTrue_test_0,0.05459770114942529,0.05459770114942529,0.054480286738351175,0.01463057790782736,0.6702034986443678,0.9824335241571971,0.12199416019609344,0.2144643399215053,0.761680550525172,0.028400597907324365,0.7037037037037037,0.05459770114942529,0.5998130537267333,0.0118512127355851
439,anomaly_detection_LEAD_Informer_LEAD_ftS_sl168_ll48_pl0_dm64_nh8_el2_dl1_df64_expand2_dc4_fc1_ebtimeF_dtTrue_test_0,0.19480519480519481,0.19480519480519481,0.19183258247347748,0.01983444629701678,0.7270407789383048,0.9984000654549571,0.26760433717041704,0.4189875241803435,0.5059760956175299,0.10898282694848084,0.9166666666666666,0.19480519480519481,0.3900297042489991,0.04967792555872834
492,anomaly_detection_LEAD_Informer_LEAD_ftS_sl168_ll48_pl0_dm64_nh8_el2_dl1_df64_expand2_dc4_fc1_ebtimeF_dtTrue_test_0,0.6255506607929515,0.6255506607929515,0.6255506607929511,0.48696657645353464,0.9528615139929585,1.0,0.6287000670985837,0.7704272274892207,0.9076421586381745,0.4551282051282051,1.0,0.6255506607929515,0.8736742801129119,0.26886317234847923
560,anomaly_detection_LEAD_Informer_LEAD_ftS_sl168_ll48_pl0_dm64_nh8_el2_dl1_df64_expand2_dc4_fc1_ebtimeF_dtTrue_test_0,0.5403508771929825,0.5403508771929825,0.284132841328413,0.26558265582655827,0.2884509807544748,0.3795084332592528,0.9748304073062978,0.5463276163429294,0.9525534226729446,0.9625,0.375609756097561,0.5403508771929825,0.4844211611130195,0.19761656341149392
623,anomaly_detection_LEAD_Informer_LEAD_ftS_sl168_ll48_pl0_dm64_nh8_el2_dl1_df64_expand2_dc4_fc1_ebtimeF_dtTrue_test_0,1.0,1.0,0.9999999999999996,1.0000000000000002,0.9999999999999996,1.0,1.0,1.0,1.0,1.0,1.0,1.0,0.999389366614247,0.9740236264734212
657,anomaly_detection_LEAD_Informer_LEAD_ftS_sl168_ll48_pl0_dm64_nh8_el2_dl1_df64_expand2_dc4_fc1_ebtimeF_dtTrue_test_0,0.5190311418685121,0.5190311418685121,0.41899441340782073,0.11538461538461539,0.8370236985937507,0.9777603146769118,0.4463470464846564,0.6110859002443007,0.9496559217674756,0.3605769230769231,0.9259259259259259,0.5190311418685121,0.9026257600884466,0.1780332280125485
658,anomaly_detection_LEAD_Informer_LEAD_ftS_sl168_ll48_pl0_dm64_nh8_el2_dl1_df64_expand2_dc4_fc1_ebtimeF_dtTrue_test_0,0.15384615384615385,0.15384615384615385,0.1666666666666663,0.06896551724137931,0.7435362665035863,0.5815868008902931,0.33599205084015893,0.4246931510306139,0.9760956175298805,0.1111111111111111,0.25,0.15384615384615385,0.25646997929606624,0.005695068269690958
666,anomaly_detection_LEAD_Informer_LEAD_ftS_sl168_ll48_pl0_dm64_nh8_el2_dl1_df64_expand2_dc4_fc1_ebtimeF_dtTrue_test_0,0.0003621876131836291,0.0,0.0,0.0,nan,0.5
667,anomaly_detection_LEAD_Informer_LEAD_ftS_sl168_ll48_pl0_dm64_nh8_el2_dl1_df64_expand2_dc4_fc1_ebtimeF_dtTrue_test_0,0.23255813953488372,0.23255813953488372,0.26785714285714235,0.10714285714285714,0.6428993702978779,0.2879022074460544,0.3239351391635253,0.30481723319892345,0.9641434262948207,0.24193548387096775,0.22388059701492538,0.23255813953488372,0.6268490509590134,0.03331034712675818
673,anomaly_detection_LEAD_Informer_LEAD_ftS_sl168_ll48_pl0_dm64_nh8_el2_dl1_df64_expand2_dc4_fc1_ebtimeF_dtTrue_test_0,0.12019566736547868,0.12019566736547868,0.11886662059433294,0.020316740878214508,0.7216135037968306,0.9917591898404429,0.15845635678197817,0.27179252962328154,0.5440057950018109,0.06525037936267071,0.7610619469026548,0.12019566736547868,0.31606421944763785,0.02696129943183568
675,anomaly_detection_LEAD_Informer_LEAD_ftS_sl168_ll48_pl0_dm64_nh8_el2_dl1_df64_expand2_dc4_fc1_ebtimeF_dtTrue_test_0,0.16433566433566432,0.16433566433566432,0.16433566433566416,0.031746031746031744,0.7473653612787192,1.0,0.13879376341958738,0.24241247727321436,0.8268743208982253,0.08952380952380952,1.0,0.16433566433566432,0.6250254786058107,0.021798763644730025
677,anomaly_detection_LEAD_Informer_LEAD_ftS_sl168_ll48_pl0_dm64_nh8_el2_dl1_df64_expand2_dc4_fc1_ebtimeF_dtTrue_test_0,0.0003621876131836291,0.0,0.0,0.0,nan,0.5
680,anomaly_detection_LEAD_Informer_LEAD_ftS_sl168_ll48_pl0_dm64_nh8_el2_dl1_df64_expand2_dc4_fc1_ebtimeF_dtTrue_test_0,0.0003621876131836291,0.0,0.0,0.0,nan,0.5
683,anomaly_detection_LEAD_Informer_LEAD_ftS_sl168_ll48_pl0_dm64_nh8_el2_dl1_df64_expand2_dc4_fc1_ebtimeF_dtTrue_test_0,0.7785234899328859,0.7785234899328859,0.7591623036649209,0.6666666666666666,0.799904638452172,0.6581351723849924,0.9809375844951835,0.7877489709035145,0.9880478087649402,0.9666666666666667,0.651685393258427,0.7785234899328859,0.6089324160667429,0.14589292679299906
685,anomaly_detection_LEAD_Informer_LEAD_ftS_sl168_ll48_pl0_dm64_nh8_el2_dl1_df64_expand2_dc4_fc1_ebtimeF_dtTrue_test_0,0.9591836734693877,0.9591836734693877,0.7499999999999994,0.7500000000000001,0.7499999999999994,0.9215686274509781,1.0,0.9591836734693882,0.9985512495472655,1.0,0.9215686274509803,0.9591836734693877,0.9344765212358006,0.8348058054418201
687,anomaly_detection_LEAD_Informer_LEAD_ftS_sl168_ll48_pl0_dm64_nh8_el2_dl1_df64_expand2_dc4_fc1_ebtimeF_dtTrue_test_0,0.09634551495016612,0.09634551495016612,0.09634551495016602,0.1057821253890618,0.6221336287942679,1.0,0.24344539650444244,0.38125408167361513,0.8029699384281057,0.0506108202443281,1.0,0.09634551495016612,0.7798253142828293,0.021736661347179553
697,anomaly_detection_LEAD_Informer_LEAD_ftS_sl168_ll48_pl0_dm64_nh8_el2_dl1_df64_expand2_dc4_fc1_ebtimeF_dtTrue_test_0,0.0003621876131836291,0.0,0.0,0.0,nan,0.5
701,anomaly_detection_LEAD_Informer_LEAD_ftS_sl168_ll48_pl0_dm64_nh8_el2_dl1_df64_expand2_dc4_fc1_ebtimeF_dtTrue_test_0,0.36065573770491804,0.36065573770491804,0.3606557377049177,0.07407407407407407,0.8352043619390316,1.0,0.27456400757299704,0.429430394444085,0.9434987323433539,0.22,1.0,0.36065573770491804,0.9228259778499013,0.09455961563161418
721,anomaly_detection_LEAD_Informer_LEAD_ftS_sl168_ll48_pl0_dm64_nh8_el2_dl1_df64_expand2_dc4_fc1_ebtimeF_dtTrue_test_0,0.35294117647058826,0.35294117647058826,0.21897810218978053,0.10526315789473682,0.6495088663011346,0.8771550922911617,0.39668689457666034,0.545666599571999,0.9800796812749004,0.24193548387096775,0.6521739130434783,0.35294117647058826,0.6455838917648553,0.018559983083461233
722,anomaly_detection_LEAD_Informer_LEAD_ftS_sl168_ll48_pl0_dm64_nh8_el2_dl1_df64_expand2_dc4_fc1_ebtimeF_dtTrue_test_0,0.0003621876131836291,0.0,0.0,0.0,nan,0.5
729,anomaly_detection_LEAD_Informer_LEAD_ftS_sl168_ll48_pl0_dm64_nh8_el2_dl1_df64_expand2_dc4_fc1_ebtimeF_dtTrue_test_0,0.35294117647058826,0.35294117647058826,0.3243243243243239,0.15384615384615385,0.9099303314522652,0.819157849728507,0.3786457217971718,0.5111096559249898,0.9920318725099602,0.24,0.6666666666666666,0.35294117647058826,0.9322916666666667,0.031192654885359692
730,anomaly_detection_LEAD_Informer_LEAD_ftS_sl168_ll48_pl0_dm64_nh8_el2_dl1_df64_expand2_dc4_fc1_ebtimeF_dtTrue_test_0,0.9016393442622951,0.9016393442622951,0.9016393442622946,0.5,0.9797793144494208,1.0,0.833914529149729,0.9093972292301903,0.9913074972835929,0.8208955223880597,1.0,0.9016393442622951,0.9533589383080141,0.49887074036721835
732,anomaly_detection_LEAD_Informer_LEAD_ftS_sl168_ll48_pl0_dm64_nh8_el2_dl1_df64_expand2_dc4_fc1_ebtimeF_dtTrue_test_0,0.9016393442622951,0.9016393442622951,0.9016393442622946,0.5,0.9797793144494208,1.0,0.833914529149729,0.9093972292301903,0.9913074972835929,0.8208955223880597,1.0,0.9016393442622951,0.9533589383080141,0.49887074036721835
742,anomaly_detection_LEAD_Informer_LEAD_ftS_sl168_ll48_pl0_dm64_nh8_el2_dl1_df64_expand2_dc4_fc1_ebtimeF_dtTrue_test_0,0.06188466947960619,0.06188466947960619,0.06188466947960602,0.0091324200913242,0.7071154618723582,0.795327809224784,0.14279398564591894,0.2395140195894802,0.7584208620065194,0.034108527131782945,0.3333333333333333,0.06188466947960619,0.32335975712599085,0.016308000682883066
801,anomaly_detection_LEAD_Informer_LEAD_ftS_sl168_ll48_pl0_dm64_nh8_el2_dl1_df64_expand2_dc4_fc1_ebtimeF_dtTrue_test_0,0.43333333333333335,0.43333333333333335,0.3376623376623372,0.0851063829787234,0.6418018520859273,0.8717331194018786,0.31306618091381944,0.46061853253077634,0.9753712423035132,0.29213483146067415,0.8387096774193549,0.43333333333333335,0.7324234904880066,0.055039965087884765
827,anomaly_detection_LEAD_Informer_LEAD_ftS_sl168_ll48_pl0_dm64_nh8_el2_dl1_df64_expand2_dc4_fc1_ebtimeF_dtTrue_test_0,0.37303370786516854,0.37303370786516854,0.3730337078651682,0.053069053708439895,0.8808958369023261,1.0,0.34654784524503673,0.5109098913854582,0.8989496559217675,0.2292817679558011,1.0,0.37303370786516854,0.5329548215265844,0.04539036229343984
844,anomaly_detection_LEAD_Informer_LEAD_ftS_sl168_ll48_pl0_dm64_nh8_el2_dl1_df64_expand2_dc4_fc1_ebtimeF_dtTrue_test_0,0.30303030303030304,0.30303030303030304,0.2803738317757004,0.19438444924406048,0.583467815495898,0.5115160718927663,0.44109851534088196,0.47334467084306947,0.9750090546903296,0.26785714285714285,0.3488372093023256,0.30303030303030304,0.42764857881136953,0.028206187804493337
848,anomaly_detection_LEAD_Informer_LEAD_ftS_sl168_ll48_pl0_dm64_nh8_el2_dl1_df64_expand2_dc4_fc1_ebtimeF_dtTrue_test_0,0.31137724550898205,0.31137724550898205,0.3113772455089817,0.33333333333333337,0.7154921644163433,1.0,0.18439716312056761,0.3113772455089808,0.875045273451648,0.18439716312056736,1.0,0.31137724550898205,0.8470139625562659,0.09340170718552178
879,anomaly_detection_LEAD_Informer_LEAD_ftS_sl168_ll48_pl0_dm64_nh8_el2_dl1_df64_expand2_dc4_fc1_ebtimeF_dtTrue_test_0,0.6,0.6,0.5999999999999994,0.5714285714285715,0.7188975944232124,0.5,0.75,0.5999999999999985,0.9985512495472655,0.75,0.5,0.6,0.6856624319419238,0.277209856293049
880,anomaly_detection_LEAD_Informer_LEAD_ftS_sl168_ll48_pl0_dm64_nh8_el2_dl1_df64_expand2_dc4_fc1_ebtimeF_dtTrue_test_0,0.0038240917782026767,0.0038240917782026767,0.0038314176245210652,0.021505376344086023,0.7493241789069661,0.9710455862712185,0.06234870939308421,0.1149115598649603,0.8113002535313292,0.0019230769230769232,0.3333333333333333,0.0038240917782026767,0.42385786802030456,0.0009571719727820545
881,anomaly_detection_LEAD_Informer_LEAD_ftS_sl168_ll48_pl0_dm64_nh8_el2_dl1_df64_expand2_dc4_fc1_ebtimeF_dtTrue_test_0,0.5,0.5,0.6666666666666662,0.6666666666666666,0.6666666666666662,0.33333333333333404,1.0,0.5,0.9992756247736327,1.0,0.3333333333333333,0.5,0.5505197002658931,0.3341545907930916
882,anomaly_detection_LEAD_Informer_LEAD_ftS_sl168_ll48_pl0_dm64_nh8_el2_dl1_df64_expand2_dc4_fc1_ebtimeF_dtTrue_test_0,0.9642857142857143,0.9642857142857143,0.7499999999999994,0.7500000000000001,0.7499999999999994,0.931034482758622,1.0,0.964285714285714,0.9992756247736327,1.0,0.9310344827586207,0.9642857142857143,0.9734437320139345,0.9469356841510745
884,anomaly_detection_LEAD_Informer_LEAD_ftS_sl168_ll48_pl0_dm64_nh8_el2_dl1_df64_expand2_dc4_fc1_ebtimeF_dtTrue_test_0,0.5,0.5,0.6666666666666662,0.6666666666666666,0.6666666666666662,0.33333333333333404,1.0,0.5,0.9992756247736327,1.0,0.3333333333333333,0.5,0.5187333816775441,0.33399828900906026
886,anomaly_detection_LEAD_Informer_LEAD_ftS_sl168_ll48_pl0_dm64_nh8_el2_dl1_df64_expand2_dc4_fc1_ebtimeF_dtTrue_test_0,0.0017969451931716084,0.0017969451931716084,0.0017969451931716062,0.0017969451931716081,0.8233891037968314,1.0,0.07573003458366684,0.13769661398019023,0.5976095617529881,0.0008992805755395684,1.0,0.0017969451931716084,0.597463768115942,0.0004496402877697842
887,anomaly_detection_LEAD_Informer_LEAD_ftS_sl168_ll48_pl0_dm64_nh8_el2_dl1_df64_expand2_dc4_fc1_ebtimeF_dtTrue_test_0,0.6964285714285714,0.6964285714285714,0.666666666666666,0.3583509513742072,0.8714786244799688,0.9211857332247216,0.723356492290566,0.8102706399024986,0.9876856211517566,0.6,0.8297872340425532,0.6964285714285714,0.8403941736308188,0.3445934774945679
889,anomaly_detection_LEAD_Informer_LEAD_ftS_sl168_ll48_pl0_dm64_nh8_el2_dl1_df64_expand2_dc4_fc1_ebtimeF_dtTrue_test_0,0.5,0.5,0.6666666666666662,0.6666666666666666,0.6666666666666662,0.33333333333333404,1.0,0.5,0.9992756247736327,1.0,0.3333333333333333,0.5,0.49576988155668356,0.3339871467671011
890,anomaly_detection_LEAD_Informer_LEAD_ftS_sl168_ll48_pl0_dm64_nh8_el2_dl1_df64_expand2_dc4_fc1_ebtimeF_dtTrue_test_0,0.005856515373352855,0.005856515373352855,0.005847953216374257,0.024096385542168672,0.7283181151147363,0.9938444290904302,0.06647174124195615,0.1227398266654391,0.7540746106483158,0.0029411764705882353,0.6666666666666666,0.005856515373352855,0.6231568769639836,0.001318591481342021
892,anomaly_detection_LEAD_Informer_LEAD_ftS_sl168_ll48_pl0_dm64_nh8_el2_dl1_df64_expand2_dc4_fc1_ebtimeF_dtTrue_test_0,0.7619047619047619,0.7619047619047619,0.6666666666666661,0.4800000000000001,0.9809049484739498,0.9960081775233651,0.9589883762942534,0.9761624113286852,0.9981890619340819,0.6666666666666666,0.8888888888888888,0.7619047619047619,0.8830345607235142,0.33459631292112774
893,anomaly_detection_LEAD_Informer_LEAD_ftS_sl168_ll48_pl0_dm64_nh8_el2_dl1_df64_expand2_dc4_fc1_ebtimeF_dtTrue_test_0,0.9454545454545454,0.9454545454545454,0.7499999999999994,0.7500000000000001,0.7499999999999994,0.8965517241379334,1.0,0.9454545454545468,0.9989134371604491,1.0,0.896551724137931,0.9454545454545454,0.9494875549048317,0.8831011602238161
894,anomaly_detection_LEAD_Informer_LEAD_ftS_sl168_ll48_pl0_dm64_nh8_el2_dl1_df64_expand2_dc4_fc1_ebtimeF_dtTrue_test_0,0.906832298136646,0.906832298136646,0.8684732319894244,0.608705556105774,0.9863246437600132,0.9998400767631537,0.9583408339368987,0.9785146760554465,0.9945671858022456,0.8390804597701149,0.9864864864864865,0.906832298136646,0.8798972027479658,0.6981206193192149
895,anomaly_detection_LEAD_Informer_LEAD_ftS_sl168_ll48_pl0_dm64_nh8_el2_dl1_df64_expand2_dc4_fc1_ebtimeF_dtTrue_test_0,0.9777777777777777,0.9777777777777777,0.8333333333333327,0.8333333333333333,0.8333333333333327,0.9565217391304366,1.0,0.9777777777777783,0.9992756247736327,1.0,0.9565217391304348,0.9777777777777777,0.9446232684762591,0.8589316273678008
896,anomaly_detection_LEAD_Informer_LEAD_ftS_sl168_ll48_pl0_dm64_nh8_el2_dl1_df64_expand2_dc4_fc1_ebtimeF_dtTrue_test_0,0.6666666666666666,0.6666666666666666,0.6666666666666662,0.6666666666666666,0.6666666666666662,0.5,1.0,0.6666666666666681,0.9996378123868164,1.0,0.5,0.6666666666666666,0.675063428778543,0.5004179049322564
903,anomaly_detection_LEAD_Informer_LEAD_ftS_sl168_ll48_pl0_dm64_nh8_el2_dl1_df64_expand2_dc4_fc1_ebtimeF_dtTrue_test_0,0.3333333333333333,0.3333333333333333,0.33333333333333287,0.3333333333333333,0.98739213215788,0.9673018394612584,0.880356982756745,0.9160325477859946,0.9985512495472655,0.25,0.5,0.3333333333333333,0.7625951431678144,0.08390599820774944
905,anomaly_detection_LEAD_Informer_LEAD_ftS_sl168_ll48_pl0_dm64_nh8_el2_dl1_df64_expand2_dc4_fc1_ebtimeF_dtTrue_test_0,0.875,0.875,0.4999999999999996,0.5,0.4999999999999996,0.7777777777777748,1.0,0.8750000000000002,0.9992756247736327,1.0,0.7777777777777778,0.875,0.8781088501291989,0.7532676950781556
909,anomaly_detection_LEAD_Informer_LEAD_ftS_sl168_ll48_pl0_dm64_nh8_el2_dl1_df64_expand2_dc4_fc1_ebtimeF_dtTrue_test_0,0.019704433497536946,0.019704433497536946,0.019512195121951126,0.027027027027027025,0.5283285091535018,0.7852724897825687,0.05083272305129484,0.09535918943098147,0.9279246649764578,0.010256410256410256,0.25,0.019704433497536946,0.48683254631311296,0.004789849515766604
914,anomaly_detection_LEAD_Informer_LEAD_ftS_sl168_ll48_pl0_dm64_nh8_el2_dl1_df64_expand2_dc4_fc1_ebtimeF_dtTrue_test_0,0.4,0.4,0.49999999999999944,0.5,0.9953627184812639,0.5597886524198369,0.9754648129620904,0.7112507901819499,0.9989134371604491,0.5,0.3333333333333333,0.4,0.7760454435581339,0.08475638023088149
919,anomaly_detection_LEAD_Informer_LEAD_ftS_sl168_ll48_pl0_dm64_nh8_el2_dl1_df64_expand2_dc4_fc1_ebtimeF_dtTrue_test_0,0.6060606060606061,0.6060606060606061,0.49382716049382663,0.4000000000000001,0.5483914311533583,0.5714285714285703,0.6451612903225797,0.606060606060608,0.9905831220572257,0.6451612903225806,0.5714285714285714,0.6060606060606061,0.6893931453726023,0.25262619528924213
922,anomaly_detection_LEAD_Informer_LEAD_ftS_sl168_ll48_pl0_dm64_nh8_el2_dl1_df64_expand2_dc4_fc1_ebtimeF_dtTrue_test_0,0.6666666666666666,0.6666666666666666,0.6666666666666662,0.6666666666666666,0.6666666666666662,0.5,1.0,0.6666666666666681,0.9996378123868164,1.0,0.5,0.6666666666666666,0.615077926785067,0.5003528305019092
924,anomaly_detection_LEAD_Informer_LEAD_ftS_sl168_ll48_pl0_dm64_nh8_el2_dl1_df64_expand2_dc4_fc1_ebtimeF_dtTrue_test_0,0.5,0.5,0.6666666666666662,0.6666666666666666,0.6666666666666662,0.33333333333333404,1.0,0.5,0.9992756247736327,1.0,0.3333333333333333,0.5,0.4632583998066232,0.3339316641974264
925,anomaly_detection_LEAD_Informer_LEAD_ftS_sl168_ll48_pl0_dm64_nh8_el2_dl1_df64_expand2_dc4_fc1_ebtimeF_dtTrue_test_0,0.9491525423728814,0.9491525423728814,0.7887323943661967,0.7272727272727272,0.7937417333305035,0.9333333333333349,0.9655172413793109,0.9491525423728808,0.9989134371604491,0.9655172413793104,0.9333333333333333,0.9491525423728814,0.9386183327230562,0.721572652136792
928,anomaly_detection_LEAD_Informer_LEAD_ftS_sl168_ll48_pl0_dm64_nh8_el2_dl1_df64_expand2_dc4_fc1_ebtimeF_dtTrue_test_0,0.6666666666666666,0.6666666666666666,0.6666666666666662,0.6666666666666666,0.6666666666666662,0.5,1.0,0.6666666666666681,0.9996378123868164,1.0,0.5,0.6666666666666666,0.5411380935121421,0.5002960136926586
929,anomaly_detection_LEAD_Informer_LEAD_ftS_sl168_ll48_pl0_dm64_nh8_el2_dl1_df64_expand2_dc4_fc1_ebtimeF_dtTrue_test_0,0.07056638811513463,0.07056638811513463,0.06987434875881084,0.07135668862757762,0.8028543543144526,0.9993753840114854,0.16681453246475164,0.2799055572776213,0.6374501992031872,0.03664416586306654,0.95,0.07056638811513463,0.5415747886806321,0.04004665583449318
931,anomaly_detection_LEAD_Informer_LEAD_ftS_sl168_ll48_pl0_dm64_nh8_el2_dl1_df64_expand2_dc4_fc1_ebtimeF_dtTrue_test_0,0.6666666666666666,0.6666666666666666,0.6666666666666662,0.6666666666666666,0.6666666666666662,0.5,1.0,0.6666666666666681,0.9996378123868164,1.0,0.5,0.6666666666666666,0.7250815512866982,0.5004938543057157
935,anomaly_detection_LEAD_Informer_LEAD_ftS_sl168_ll48_pl0_dm64_nh8_el2_dl1_df64_expand2_dc4_fc1_ebtimeF_dtTrue_test_0,0.9246231155778895,0.9246231155778895,0.9013716525146958,0.8422369809267899,0.9899897213036355,0.9998727492524018,0.9940772298167134,0.9969070116613603,0.9945671858022456,0.8679245283018868,0.989247311827957,0.9246231155778895,0.9114031693830505,0.6168939750086153
941,anomaly_detection_LEAD_Informer_LEAD_ftS_sl168_ll48_pl0_dm64_nh8_el2_dl1_df64_expand2_dc4_fc1_ebtimeF_dtTrue_test_0,0.01564945226917058,0.01564945226917058,0.015649452269170562,0.021276595744680847,0.6556205000756884,1.0,0.08384870946063468,0.15183353416708867,0.5443679826149945,0.007886435331230283,1.0,0.01564945226917058,0.5146128680479826,0.003462066250351132
942,anomaly_detection_LEAD_Informer_LEAD_ftS_sl168_ll48_pl0_dm64_nh8_el2_dl1_df64_expand2_dc4_fc1_ebtimeF_dtTrue_test_0,0.3333333333333333,0.3333333333333333,0.3999999999999995,0.4,0.6008295761947695,0.33333333333333404,0.33333333333333404,0.33333333333333404,0.9985512495472655,0.3333333333333333,0.3333333333333333,0.3333333333333333,0.485859318346628,0.0561913806368865
945,anomaly_detection_LEAD_Informer_LEAD_ftS_sl168_ll48_pl0_dm64_nh8_el2_dl1_df64_expand2_dc4_fc1_ebtimeF_dtTrue_test_0,0.3333333333333333,0.3333333333333333,0.39999999999999963,0.4,0.39999999999999963,0.19999999999999965,1.0,0.33333333333333404,0.9985512495472655,1.0,0.2,0.3333333333333333,0.4028301886792453,0.228946617626839
948,anomaly_detection_LEAD_Informer_LEAD_ftS_sl168_ll48_pl0_dm64_nh8_el2_dl1_df64_expand2_dc4_fc1_ebtimeF_dtTrue_test_0,0.05128205128205128,0.05128205128205128,0.05108900242000531,0.031949508016778386,0.7259478027050579,0.9994082840236687,0.1463047446631335,0.24980065886984618,0.7453821079319087,0.026352288488210817,0.95,0.05128205128205128,0.6353703028091937,0.009576503552014282
950,anomaly_detection_LEAD_Informer_LEAD_ftS_sl168_ll48_pl0_dm64_nh8_el2_dl1_df64_expand2_dc4_fc1_ebtimeF_dtTrue_test_0,0.8879668049792531,0.8879668049792531,0.8123928483957868,0.7749999999999999,0.829822923991036,0.8670972394501245,0.9653026423591209,0.9135415082272945,0.990220934444042,0.9304347826086956,0.8492063492063492,0.8879668049792531,0.8991446040781905,0.6103071511593715
952,anomaly_detection_LEAD_Informer_LEAD_ftS_sl168_ll48_pl0_dm64_nh8_el2_dl1_df64_expand2_dc4_fc1_ebtimeF_dtTrue_test_0,0.6666666666666666,0.6666666666666666,0.6666666666666662,0.6666666666666666,0.6666666666666662,0.5,1.0,0.6666666666666681,0.9996378123868164,1.0,0.5,0.6666666666666666,0.8901776005799202,0.5012342300355501
961,anomaly_detection_LEAD_Informer_LEAD_ftS_sl168_ll48_pl0_dm64_nh8_el2_dl1_df64_expand2_dc4_fc1_ebtimeF_dtTrue_test_0,0.967741935483871,0.967741935483871,0.8411214953271022,0.8463157894736844,0.8475800539951005,0.9997056265681906,0.9994226631703856,0.9995627633005136,0.9989134371604491,0.9574468085106383,0.9782608695652174,0.967741935483871,0.9879253743294099,0.8123288561335555
966,anomaly_detection_LEAD_Informer_LEAD_ftS_sl168_ll48_pl0_dm64_nh8_el2_dl1_df64_expand2_dc4_fc1_ebtimeF_dtTrue_test_0,0.6666666666666666,0.6666666666666666,0.6666666666666662,0.6666666666666666,0.6666666666666662,0.5,1.0,0.6666666666666681,0.9996378123868164,1.0,0.5,0.6666666666666666,0.5878941645523741,0.5003295737654261
968,anomaly_detection_LEAD_Informer_LEAD_ftS_sl168_ll48_pl0_dm64_nh8_el2_dl1_df64_expand2_dc4_fc1_ebtimeF_dtTrue_test_0,0.5,0.5,0.6666666666666662,0.6666666666666666,0.6666666666666662,0.33333333333333404,1.0,0.5,0.9992756247736327,1.0,0.3333333333333333,0.5,0.3768431230360164,0.33384358496172295
971,anomaly_detection_LEAD_Informer_LEAD_ftS_sl168_ll48_pl0_dm64_nh8_el2_dl1_df64_expand2_dc4_fc1_ebtimeF_dtTrue_test_0,0.5,0.5,0.6666666666666662,0.6666666666666666,0.6666666666666662,0.33333333333333404,1.0,0.5,0.9992756247736327,1.0,0.3333333333333333,0.5,0.588469905728789,0.3341035811931286
973,anomaly_detection_LEAD_Informer_LEAD_ftS_sl168_ll48_pl0_dm64_nh8_el2_dl1_df64_expand2_dc4_fc1_ebtimeF_dtTrue_test_0,0.6666666666666666,0.6666666666666666,0.6666666666666662,0.6666666666666666,0.6666666666666662,0.5,1.0,0.6666666666666681,0.9996378123868164,1.0,0.5,0.6666666666666666,0.602392171076477,0.5003415819194974
974,anomaly_detection_LEAD_Informer_LEAD_ftS_sl168_ll48_pl0_dm64_nh8_el2_dl1_df64_expand2_dc4_fc1_ebtimeF_dtTrue_test_0,0.5,0.5,0.6666666666666662,0.6666666666666666,0.6666666666666662,0.33333333333333404,1.0,0.5,0.9992756247736327,1.0,0.3333333333333333,0.5,0.3715252598501329,0.33383981065230517
975,anomaly_detection_LEAD_Informer_LEAD_ftS_sl168_ll48_pl0_dm64_nh8_el2_dl1_df64_expand2_dc4_fc1_ebtimeF_dtTrue_test_0,0.0106951871657754,0.0106951871657754,0.01081081081081078,0.03846153846153846,0.4983024265632687,0.707831214444846,0.028413737807019453,0.05461212337940424,0.9329952915610286,0.005494505494505495,0.2,0.0106951871657754,0.40029027576197396,0.001736071295636059
978,anomaly_detection_LEAD_Informer_LEAD_ftS_sl168_ll48_pl0_dm64_nh8_el2_dl1_df64_expand2_dc4_fc1_ebtimeF_dtTrue_test_0,0.6666666666666666,0.6666666666666666,0.6666666666666662,0.6666666666666666,0.6666666666666662,0.5,1.0,0.6666666666666681,0.9996378123868164,1.0,0.5,0.6666666666666666,0.5092424791591157,0.5002767868210244
981,anomaly_detection_LEAD_Informer_LEAD_ftS_sl168_ll48_pl0_dm64_nh8_el2_dl1_df64_expand2_dc4_fc1_ebtimeF_dtTrue_test_0,0.6666666666666666,0.6666666666666666,0.6666666666666662,0.6666666666666666,0.6666666666666662,0.5,1.0,0.6666666666666681,0.9992756247736327,1.0,0.5,0.6666666666666666,0.460917664127675,0.2512052882888856
988,anomaly_detection_LEAD_Informer_LEAD_ftS_sl168_ll48_pl0_dm64_nh8_el2_dl1_df64_expand2_dc4_fc1_ebtimeF_dtTrue_test_0,0.7619047619047619,0.7619047619047619,0.6906474820143879,0.5020533880903492,0.9912450255148613,0.9993038635572572,0.9605595174037114,0.9782752756400229,0.9963781238681637,0.64,0.9411764705882353,0.7619047619047619,0.9659792488423941,0.12768992942695614
990,anomaly_detection_LEAD_Informer_LEAD_ftS_sl168_ll48_pl0_dm64_nh8_el2_dl1_df64_expand2_dc4_fc1_ebtimeF_dtTrue_test_0,1.0,1.0,0.9999999999999996,1.0,0.9999999999999996,1.0,1.0,1.0,1.0,1.0,1.0,1.0,0.9571552849064812,0.9552966173986936
992,anomaly_detection_LEAD_Informer_LEAD_ftS_sl168_ll48_pl0_dm64_nh8_el2_dl1_df64_expand2_dc4_fc1_ebtimeF_dtTrue_test_0,0.6554621848739496,0.6554621848739496,0.7999999999999995,0.8,0.7999999999999995,0.4874999999999985,1.0,0.655462184873951,0.9851503078594712,1.0,0.4875,0.6554621848739496,0.6259418127564341,0.440316416914689
994,anomaly_detection_LEAD_Informer_LEAD_ftS_sl168_ll48_pl0_dm64_nh8_el2_dl1_df64_expand2_dc4_fc1_ebtimeF_dtTrue_test_0,0.8484848484848485,0.8484848484848485,0.7932011331444755,0.3946908836884387,0.876688914075132,0.9966369055868002,0.8397294781904311,0.9112378001075457,0.9927562477363274,0.7567567567567568,0.9655172413793104,0.8484848484848485,0.9004171610088408,0.4942463653436111
996,anomaly_detection_LEAD_Informer_LEAD_ftS_sl168_ll48_pl0_dm64_nh8_el2_dl1_df64_expand2_dc4_fc1_ebtimeF_dtTrue_test_0,0.7619047619047619,0.7619047619047619,0.6666666666666661,0.4800000000000001,0.97292383804648,0.9960081775233651,0.9589883762942534,0.9761624113286852,0.9981890619340819,0.6666666666666666,0.8888888888888888,0.7619047619047619,0.9416182170542635,0.33637639741194775
1001,anomaly_detection_LEAD_Informer_LEAD_ftS_sl168_ll48_pl0_dm64_nh8_el2_dl1_df64_expand2_dc4_fc1_ebtimeF_dtTrue_test_0,0.33902759526938236,0.33902759526938236,0.3187546330615266,0.2584535207853594,0.7453499326522977,0.9911221102292059,0.46245153692322705,0.6236691803736168,0.8178196305686346,0.21393034825870647,0.8164556962025317,0.33902759526938236,0.5865992015055655,0.06957414341533205
1007,anomaly_detection_LEAD_Informer_LEAD_ftS_sl168_ll48_pl0_dm64_nh8_el2_dl1_df64_expand2_dc4_fc1_ebtimeF_dtTrue_test_0,0.6601941747572816,0.6601941747572816,0.283333333333333,0.25,0.3117791564308611,0.5074626865671651,0.9444444444444459,0.6601941747572804,0.987323433538573,0.9444444444444444,0.5074626865671642,0.6601941747572816,0.6542897982249111,0.3713671555631557
1068,anomaly_detection_LEAD_Informer_LEAD_ftS_sl168_ll48_pl0_dm64_nh8_el2_dl1_df64_expand2_dc4_fc1_ebtimeF_dtTrue_test_0,1.0,1.0,0.9999999999999996,1.0000000000000002,0.9999999999999996,1.0,1.0,1.0,1.0,1.0,1.0,1.0,0.8079937817051219,0.46211495834028626
1073,anomaly_detection_LEAD_Informer_LEAD_ftS_sl168_ll48_pl0_dm64_nh8_el2_dl1_df64_expand2_dc4_fc1_ebtimeF_dtTrue_test_0,0.4258373205741627,0.4258373205741627,0.4039945528824326,0.17584743093957445,0.7199310383822314,0.9888453757939585,0.46323609515367703,0.6259812471370357,0.913074972835929,0.28164556962025317,0.8725490196078431,0.4258373205741627,0.577476421181485,0.07727725896616715
1074,anomaly_detection_LEAD_Informer_LEAD_ftS_sl168_ll48_pl0_dm64_nh8_el2_dl1_df64_expand2_dc4_fc1_ebtimeF_dtTrue_test_0,0.10773993808049535,0.10773993808049535,0.10773993808049524,0.01577474243517684,0.7352539521702618,1.0,0.2068580091975447,0.3373521731742764,0.47808764940239046,0.05693717277486911,1.0,0.10773993808049535,0.22040681230065595,0.018386585304609956
1106,anomaly_detection_LEAD_Informer_LEAD_ftS_sl168_ll48_pl0_dm64_nh8_el2_dl1_df64_expand2_dc4_fc1_ebtimeF_dtTrue_test_0,0.47619047619047616,0.47619047619047616,0.5128205128205123,0.3333333333333333,0.5703550420554374,0.3784724958844326,0.7682545883082366,0.5070768200734266,0.9880478087649402,0.7142857142857143,0.35714285714285715,0.47619047619047616,0.3090684600430831,0.0685244416713188
1120,anomaly_detection_LEAD_Informer_LEAD_ftS_sl168_ll48_pl0_dm64_nh8_el2_dl1_df64_expand2_dc4_fc1_ebtimeF_dtTrue_test_0,0.12953367875647667,0.12953367875647667,0.129673654635833,0.08525927470156898,0.6191218422831877,0.9921410648167526,0.1774548362515484,0.2985242933057099,0.6349148859109018,0.07055503292568203,0.7894736842105263,0.12953367875647667,0.5420815730248352,0.04892723772957814
1128,anomaly_detection_LEAD_Informer_LEAD_ftS_sl168_ll48_pl0_dm64_nh8_el2_dl1_df64_expand2_dc4_fc1_ebtimeF_dtTrue_test_0,0.024193548387096774,0.024193548387096774,0.024291497975708454,0.03571428571428571,0.6253769739861955,0.9497331321522825,0.08954112082832322,0.16185995649763438,0.9123505976095617,0.012448132780082987,0.42857142857142855,0.024193548387096774,0.4799771760556074,0.0025525718445484997
1137,anomaly_detection_LEAD_Informer_LEAD_ftS_sl168_ll48_pl0_dm64_nh8_el2_dl1_df64_expand2_dc4_fc1_ebtimeF_dtTrue_test_0,0.0056179775280898875,0.0056179775280898875,0.005617977528089881,0.005970149253731344,0.6562836054480905,1.0,0.037006405976867204,0.0710060322282711,0.6153567547989859,0.0028169014084507044,1.0,0.0056179775280898875,0.3663282571912013,0.0007930041841407997
1141,anomaly_detection_LEAD_Informer_LEAD_ftS_sl168_ll48_pl0_dm64_nh8_el2_dl1_df64_expand2_dc4_fc1_ebtimeF_dtTrue_test_0,0.9316770186335404,0.9316770186335404,0.9018036072144283,0.8210285365481458,0.9372673632159979,0.9994799411755526,0.974922837434028,0.9870446330769509,0.9960159362549801,0.9036144578313253,0.9615384615384616,0.9316770186335404,0.9191538365969972,0.856875435751165
1143,anomaly_detection_LEAD_Informer_LEAD_ftS_sl168_ll48_pl0_dm64_nh8_el2_dl1_df64_expand2_dc4_fc1_ebtimeF_dtTrue_test_0,0.11959087332808813,0.11959087332808813,0.119590873328088,0.00572202981478693,0.6615993013480722,1.0,0.09187201204876748,0.16797620839866,0.594712060847519,0.06359832635983263,1.0,0.11959087332808813,0.42662452219935315,0.02216666278955208
1172,anomaly_detection_LEAD_Informer_LEAD_ftS_sl168_ll48_pl0_dm64_nh8_el2_dl1_df64_expand2_dc4_fc1_ebtimeF_dtTrue_test_0,0.1357615894039735,0.1357615894039735,0.13576158940397337,0.018502356432187117,0.6893632976345592,1.0,0.1229575553973821,0.21765298405121364,0.2437522636725824,0.07282415630550622,1.0,0.1357615894039735,0.1626947603707843,0.0349208779285214
1219,anomaly_detection_LEAD_Informer_LEAD_ftS_sl168_ll48_pl0_dm64_nh8_el2_dl1_df64_expand2_dc4_fc1_ebtimeF_dtTrue_test_0,0.30434782608695654,0.30434782608695654,0.27999999999999964,0.14893617021276595,0.7333287347968767,0.7610685379142393,0.22184534956955668,0.3435474021914234,0.9884099963781239,0.19444444444444445,0.7,0.30434782608695654,0.6106143220647037,0.00592846548591129
1225,anomaly_detection_LEAD_Informer_LEAD_ftS_sl168_ll48_pl0_dm64_nh8_el2_dl1_df64_expand2_dc4_fc1_ebtimeF_dtTrue_test_0,0.8235294117647058,0.8235294117647058,0.2857142857142854,0.2857142857142857,0.2857142857142854,0.700000000000002,1.0,0.8235294117647064,0.9956537486417965,1.0,0.7,0.8235294117647058,0.8366225652333701,0.37080793502979464
1226,anomaly_detection_LEAD_Informer_LEAD_ftS_sl168_ll48_pl0_dm64_nh8_el2_dl1_df64_expand2_dc4_fc1_ebtimeF_dtTrue_test_0,0.8275862068965517,0.8275862068965517,0.16666666666666652,0.16666666666666669,0.16666666666666652,0.7058823529411747,1.0,0.827586206896553,0.9963781238681637,1.0,0.7058823529411765,0.8275862068965517,0.8486270195647017,0.3470055224116563
1230,anomaly_detection_LEAD_Informer_LEAD_ftS_sl168_ll48_pl0_dm64_nh8_el2_dl1_df64_expand2_dc4_fc1_ebtimeF_dtTrue_test_0,0.16560509554140126,0.16560509554140126,0.15264187866927564,0.0821917808219178,0.5230312450372169,0.9132027426848225,0.14423315085317429,0.24755610583552504,0.9525534226729446,0.09285714285714286,0.7647058823529411,0.16560509554140126,0.8290816326530612,0.026139754601654432
1234,anomaly_detection_LEAD_Informer_LEAD_ftS_sl168_ll48_pl0_dm64_nh8_el2_dl1_df64_expand2_dc4_fc1_ebtimeF_dtTrue_test_0,0.41379310344827586,0.41379310344827586,0.13872832369942162,0.03225806451612903,0.7492833046276254,0.9112989198960324,0.45900196582514896,0.6095118859189994,0.9753712423035132,0.2926829268292683,0.7058823529411765,0.41379310344827586,0.7423261934036541,0.04348863103230615
1238,anomaly_detection_LEAD_Informer_LEAD_ftS_sl168_ll48_pl0_dm64_nh8_el2_dl1_df64_expand2_dc4_fc1_ebtimeF_dtTrue_test_0,0.8985507246376812,0.8985507246376812,0.4881889763779523,0.3636363636363636,0.6307485076161536,0.8930236838750634,0.9254624272156589,0.9089423950705187,0.9974646867077146,0.9117647058823529,0.8857142857142857,0.8985507246376812,0.8885336966774972,0.4790661239822486
1239,anomaly_detection_LEAD_Informer_LEAD_ftS_sl168_ll48_pl0_dm64_nh8_el2_dl1_df64_expand2_dc4_fc1_ebtimeF_dtTrue_test_0,0.056074766355140186,0.056074766355140186,0.04444444444444399,0.04347826086956522,0.40706862406629984,0.36637125519457464,0.10132960908691542,0.15831850285089993,0.9634190510684535,0.034482758620689655,0.15,0.056074766355140186,0.5227471725647574,0.0087573443265409
1241,anomaly_detection_LEAD_Informer_LEAD_ftS_sl168_ll48_pl0_dm64_nh8_el2_dl1_df64_expand2_dc4_fc1_ebtimeF_dtTrue_test_0,0.9259259259259259,0.9259259259259259,0.4999999999999996,0.5,0.4999999999999996,0.8620689655172393,1.0,0.9259259259259245,0.9985512495472655,1.0,0.8620689655172413,0.9259259259259259,0.8921340940071693,0.7955929924111554
1242,anomaly_detection_LEAD_Informer_LEAD_ftS_sl168_ll48_pl0_dm64_nh8_el2_dl1_df64_expand2_dc4_fc1_ebtimeF_dtTrue_test_0,0.08695652173913043,0.08695652173913043,0.08510638297872322,0.07142857142857142,0.6862727124834401,0.6369348445722844,0.06829353999657722,0.12328304095309565,0.9771821803694314,0.047619047619047616,0.5,0.08695652173913043,0.7212341197822141,0.012040521604480164
1245,anomaly_detection_LEAD_Informer_LEAD_ftS_sl168_ll48_pl0_dm64_nh8_el2_dl1_df64_expand2_dc4_fc1_ebtimeF_dtTrue_test_0,0.01772525849335303,0.01772525849335303,0.017725258493353005,0.049009635766474366,0.7138635166895152,0.9965193177862861,0.20416539651153817,0.32700037408609334,0.5182904744657733,0.008975317875841436,0.7058823529411765,0.01772525849335303,0.49961413136683247,0.005845710725645952
1246,anomaly_detection_LEAD_Informer_LEAD_ftS_sl168_ll48_pl0_dm64_nh8_el2_dl1_df64_expand2_dc4_fc1_ebtimeF_dtTrue_test_0,0.8888888888888888,0.8888888888888888,0.24999999999999975,0.25,0.24999999999999975,0.7999999999999986,1.0,0.8888888888888866,0.9978268743208982,1.0,0.8,0.8888888888888888,0.8401196143048943,0.5693543393553813
1247,anomaly_detection_LEAD_Informer_LEAD_ftS_sl168_ll48_pl0_dm64_nh8_el2_dl1_df64_expand2_dc4_fc1_ebtimeF_dtTrue_test_0,0.06741573033707865,0.06741573033707865,0.06593406593406578,0.05555555555555556,0.6379048601730581,0.8721910511495603,0.08591980236836227,0.15510344612429078,0.9398768562115176,0.03571428571428571,0.6,0.06741573033707865,0.5828789531079608,0.006165247752619581
1249,anomaly_detection_LEAD_Informer_LEAD_ftS_sl168_ll48_pl0_dm64_nh8_el2_dl1_df64_expand2_dc4_fc1_ebtimeF_dtTrue_test_0,0.7741935483870968,0.7741935483870968,0.22222222222222202,0.2222222222222222,0.22222222222222202,0.6315789473684216,1.0,0.7741935483870999,0.9949293734154292,1.0,0.631578947368421,0.7741935483870968,0.8308657247231189,0.08827526744863746
1251,anomaly_detection_LEAD_Informer_LEAD_ftS_sl168_ll48_pl0_dm64_nh8_el2_dl1_df64_expand2_dc4_fc1_ebtimeF_dtTrue_test_0,0.7466666666666667,0.7466666666666667,0.5544554455445541,0.4940239043824701,0.6358665124296997,0.6662563635119242,0.9668666183551016,0.7888935965418936,0.993118435349511,0.9032258064516129,0.6363636363636364,0.7466666666666667,0.8313313480777597,0.3208800413222022
1255,anomaly_detection_LEAD_Informer_LEAD_ftS_sl168_ll48_pl0_dm64_nh8_el2_dl1_df64_expand2_dc4_fc1_ebtimeF_dtTrue_test_0,0.18181818181818182,0.18181818181818182,0.18181818181818163,0.18181818181818182,0.18181818181818163,0.09999999999999983,1.0,0.18181818181818252,0.9967403114813473,1.0,0.1,0.18181818181818182,0.35641584878226096,0.1024824619581438
1257,anomaly_detection_LEAD_Informer_LEAD_ftS_sl168_ll48_pl0_dm64_nh8_el2_dl1_df64_expand2_dc4_fc1_ebtimeF_dtTrue_test_0,0.19047619047619047,0.19047619047619047,0.19047619047619002,0.23529411764705882,0.48960651573919334,0.46285978817728585,0.3612457233725492,0.4032719532589438,0.9938428105758783,0.15384615384615385,0.25,0.19047619047619047,0.6300853614239013,0.03569942899079315
1258,anomaly_detection_LEAD_Informer_LEAD_ftS_sl168_ll48_pl0_dm64_nh8_el2_dl1_df64_expand2_dc4_fc1_ebtimeF_dtTrue_test_0,0.3811188811188811,0.3811188811188811,0.32308262319377495,0.09407488864184418,0.6768733897945736,0.8252428188952848,0.5434710884534971,0.6543482827290019,0.8717855849329953,0.2906666666666667,0.5532994923857868,0.3811188811188811,0.6503252769704696,0.1730991856593666
1259,anomaly_detection_LEAD_Informer_LEAD_ftS_sl168_ll48_pl0_dm64_nh8_el2_dl1_df64_expand2_dc4_fc1_ebtimeF_dtTrue_test_0,0.875,0.875,0.6779661016949148,0.4618249534450652,0.7669440338928021,0.9431726690093724,0.8712896891465715,0.905797343968503,0.9963781238681637,0.8333333333333334,0.9210526315789473,0.875,0.8910161006629684,0.542476814550872
1260,anomaly_detection_LEAD_Informer_LEAD_ftS_sl168_ll48_pl0_dm64_nh8_el2_dl1_df64_expand2_dc4_fc1_ebtimeF_dtTrue_test_0,0.8571428571428571,0.8571428571428571,0.33333333333333304,0.33333333333333337,0.33333333333333304,0.75,1.0,0.8571428571428589,0.997102499094531,1.0,0.75,0.8571428571428571,0.8421468486625138,0.6343072936256934
1261,anomaly_detection_LEAD_Informer_LEAD_ftS_sl168_ll48_pl0_dm64_nh8_el2_dl1_df64_expand2_dc4_fc1_ebtimeF_dtTrue_test_0,0.16363636363636364,0.16363636363636364,0.15709090909090878,0.07157287157287158,0.6788869015740325,0.9497879223488763,0.33244512124411746,0.4834219298964344,0.9000362187613183,0.09540636042402827,0.574468085106383,0.16363636363636364,0.4999804010724533,0.04210770057731828
1266,anomaly_detection_LEAD_Informer_LEAD_ftS_sl168_ll48_pl0_dm64_nh8_el2_dl1_df64_expand2_dc4_fc1_ebtimeF_dtTrue_test_0,0.2018348623853211,0.2018348623853211,0.2018348623853209,0.03508771929824561,0.4694754020004208,1.0,0.11224489795918334,0.20183486238532125,0.9684896776530243,0.11224489795918367,1.0,0.2018348623853211,0.8365950413223141,0.011457163267102246
1267,anomaly_detection_LEAD_Informer_LEAD_ftS_sl168_ll48_pl0_dm64_nh8_el2_dl1_df64_expand2_dc4_fc1_ebtimeF_dtTrue_test_0,0.8571428571428571,0.8571428571428571,0.585365853658536,0.5,0.5923640570767447,0.8140510837157928,0.9505478167458322,0.8770083317173595,0.997102499094531,0.9230769230769231,0.8,0.8571428571428571,0.8766752105455877,0.47643877746689406
1272,anomaly_detection_LEAD_Informer_LEAD_ftS_sl168_ll48_pl0_dm64_nh8_el2_dl1_df64_expand2_dc4_fc1_ebtimeF_dtTrue_test_0,1.0,1.0,0.9999999999999996,1.0,0.9999999999999996,1.0,1.0,1.0,1.0,1.0,1.0,1.0,0.9608886207006065,0.36836851167654144
1275,anomaly_detection_LEAD_Informer_LEAD_ftS_sl168_ll48_pl0_dm64_nh8_el2_dl1_df64_expand2_dc4_fc1_ebtimeF_dtTrue_test_0,0.5,0.5,0.10526315789473673,0.10526315789473684,0.10526315789473673,0.33333333333333404,1.0,0.5,0.9826149945671858,1.0,0.3333333333333333,0.5,0.7609706210487172,0.36346977785509893
1278,anomaly_detection_LEAD_Informer_LEAD_ftS_sl168_ll48_pl0_dm64_nh8_el2_dl1_df64_expand2_dc4_fc1_ebtimeF_dtTrue_test_0,0.8,0.8,0.14285714285714274,0.14285714285714288,0.14285714285714274,0.6666666666666681,1.0,0.7999999999999986,0.9956537486417965,1.0,0.6666666666666666,0.8,0.8597247706422019,0.6156286099265416
1279,anomaly_detection_LEAD_Informer_LEAD_ftS_sl168_ll48_pl0_dm64_nh8_el2_dl1_df64_expand2_dc4_fc1_ebtimeF_dtTrue_test_0,0.7912087912087912,0.7912087912087912,0.4022346368715079,0.2838107928047968,0.59037337653806,0.877175480040409,0.864943049312239,0.8709505355934061,0.993118435349511,0.7659574468085106,0.8181818181818182,0.7912087912087912,0.8372369257536721,0.5090534703224399
1283,anomaly_detection_LEAD_Informer_LEAD_ftS_sl168_ll48_pl0_dm64_nh8_el2_dl1_df64_expand2_dc4_fc1_ebtimeF_dtTrue_test_0,0.775,0.775,0.31632653061224464,0.1840490797546012,0.5653435440571358,0.8327216051625815,0.8178844451354542,0.8252261093038757,0.9934806229626947,0.7560975609756098,0.7948717948717948,0.775,0.9137983006462066,0.2672036673050254
1284,anomaly_detection_LEAD_Informer_LEAD_ftS_sl168_ll48_pl0_dm64_nh8_el2_dl1_df64_expand2_dc4_fc1_ebtimeF_dtTrue_test_0,0.8115942028985508,0.8115942028985508,0.39436619718309823,0.39517470881863564,0.3987399966856083,0.7495661361407563,0.999095505633604,0.856525680392334,0.9952915610286128,0.9333333333333333,0.717948717948718,0.8115942028985508,0.8713992351023946,0.5188516239314969
1285,anomaly_detection_LEAD_Informer_LEAD_ftS_sl168_ll48_pl0_dm64_nh8_el2_dl1_df64_expand2_dc4_fc1_ebtimeF_dtTrue_test_0,0.975609756097561,0.975609756097561,0.9756097560975604,0.975609756097561,0.9998188733925008,1.0,0.9993539325954315,0.9996698040878004,0.9996378123868164,0.9523809523809523,1.0,0.975609756097561,0.9472820138635534,0.6441940995388122
1296,anomaly_detection_LEAD_Informer_LEAD_ftS_sl168_ll48_pl0_dm64_nh8_el2_dl1_df64_expand2_dc4_fc1_ebtimeF_dtTrue_test_0,0.6956521739130435,0.6956521739130435,0.1531100478468898,0.15311004784688997,0.15322580645161274,0.5759386588427214,0.999201916735533,0.7307012066652749,0.9949293734154292,0.9411764705882353,0.5517241379310345,0.6956521739130435,0.83787297420104,0.4123257401086307
1297,anomaly_detection_LEAD_Informer_LEAD_ftS_sl168_ll48_pl0_dm64_nh8_el2_dl1_df64_expand2_dc4_fc1_ebtimeF_dtTrue_test_0,0.7111111111111111,0.7111111111111111,0.16494845360824725,0.15238095238095237,0.18023885070767445,0.6178352117456031,0.943690699139116,0.7467628869443249,0.9952915610286128,0.8888888888888888,0.5925925925925926,0.7111111111111111,0.8338616597577826,0.443207134126285
1300,anomaly_detection_LEAD_Informer_LEAD_ftS_sl168_ll48_pl0_dm64_nh8_el2_dl1_df64_expand2_dc4_fc1_ebtimeF_dtTrue_test_0,0.0007243752263672582,0.0007243752263672582,0.0007243752263672575,0.00043468811128015655,0.666546743203034,1.0,0.030511521180086067,0.058645103554904,0.0007243752263672582,0.00036231884057971015,1.0,0.0007243752263672582,0.00036231884057968955,0.00018115942028985507
1302,anomaly_detection_LEAD_Informer_LEAD_ftS_sl168_ll48_pl0_dm64_nh8_el2_dl1_df64_expand2_dc4_fc1_ebtimeF_dtTrue_test_0,0.8275862068965517,0.8275862068965517,0.16666666666666652,0.16666666666666669,0.16666666666666652,0.7058823529411747,1.0,0.827586206896553,0.9963781238681637,1.0,0.7058823529411765,0.8275862068965517,0.8558208762052675,0.6205042558839373
1304,anomaly_detection_LEAD_Informer_LEAD_ftS_sl168_ll48_pl0_dm64_nh8_el2_dl1_df64_expand2_dc4_fc1_ebtimeF_dtTrue_test_0,0.012944983818770227,0.012944983818770227,0.0129449838187702,0.025547445255474453,0.6659028607545697,0.9818506550285987,0.19549366739273916,0.31212834949601714,0.7790655559579862,0.006557377049180328,0.5,0.012944983818770227,0.763167453686887,0.005678378936841198
1306,anomaly_detection_LEAD_Informer_LEAD_ftS_sl168_ll48_pl0_dm64_nh8_el2_dl1_df64_expand2_dc4_fc1_ebtimeF_dtTrue_test_0,0.4948453608247423,0.4948453608247423,0.13445378151260481,0.05714285714285715,0.39655389762815096,0.4966648028098062,0.587803108571613,0.5383781535353827,0.9822528069540022,0.5333333333333333,0.46153846153846156,0.4948453608247423,0.6823480137433626,0.08276613069743642
1309,anomaly_detection_LEAD_Informer_LEAD_ftS_sl168_ll48_pl0_dm64_nh8_el2_dl1_df64_expand2_dc4_fc1_ebtimeF_dtTrue_test_0,0.7333333333333333,0.7333333333333333,0.4551724137931029,0.19047619047619044,0.7387387475431569,0.7638179012755864,0.7390174067846101,0.7511892651978025,0.9913074972835929,0.717391304347826,0.75,0.7333333333333333,0.7051309934085054,0.16400110448307084
1310,anomaly_detection_LEAD_Informer_LEAD_ftS_sl168_ll48_pl0_dm64_nh8_el2_dl1_df64_expand2_dc4_fc1_ebtimeF_dtTrue_test_0,0.32432432432432434,0.32432432432432434,0.18677042801556373,0.05,0.5103112711916539,0.6857142857142842,0.21238938053097275,0.3243243243243233,0.9637812386816371,0.21238938053097345,0.6857142857142857,0.32432432432432434,0.7683052090975789,0.039202824447580505
1315,anomaly_detection_LEAD_Informer_LEAD_ftS_sl168_ll48_pl0_dm64_nh8_el2_dl1_df64_expand2_dc4_fc1_ebtimeF_dtTrue_test_0,0.45161290322580644,0.45161290322580644,0.14736842105263134,0.13333333333333333,0.22877484455774788,0.358742260202624,0.656109255933937,0.46384759314294743,0.9938428105758783,0.6363636363636364,0.35,0.45161290322580644,0.6653775994162715,0.13956563711426634
1319,anomaly_detection_LEAD_Informer_LEAD_ftS_sl168_ll48_pl0_dm64_nh8_el2_dl1_df64_expand2_dc4_fc1_ebtimeF_dtTrue_test_0,0.34434677174901485,0.34434677174901485,0.34434677174901457,0.247201517950751,0.7044441094058903,1.0,0.590179860539443,0.7246742515907582,0.21658819268381022,0.20798242402050532,1.0,0.34434677174901485,0.3237513888621285,0.18430746708697288
1323,anomaly_detection_LEAD_Informer_LEAD_ftS_sl168_ll48_pl0_dm64_nh8_el2_dl1_df64_expand2_dc4_fc1_ebtimeF_dtTrue_test_0,0.8493150684931506,0.8493150684931506,0.39999999999999963,0.4,0.39999999999999963,0.7380952380952399,1.0,0.8493150684931524,0.9960159362549801,1.0,0.7380952380952381,0.8493150684931506,0.841161841713515,0.7010426483263248
